

{
    "home":"رئيسي",
    "about":"عن",
    "products":"منتجات وخدمات",
    "contact":"اتصال",
    "contdesc":"سوف نساعدك على الاسترخاء في عملك",
    "services":"خدمات",
    "servicep":"تم توفير الخدمة",
    
    "location":"الدمام 31461 المملكة العربية السعودية",
    "loctech":"طريق جبيل الظهران السريع | مقابل صندوق بريد مجمع تليفزيون الدمام 1848 | الدمام 31441 | السعودية",
    "locapeco":"المكتب الرئيسي | برج البسام | الطابق العاشر ص. 2611 ، الشارع الأول ، الدمام 31461 ، المملكة العربية السعودية  ",



    "add":"عنواننا",
    "phone":"أرقام الهواتف",
    "email":"عنوان البريد الإلكتروني",
    "bsshr":"ساعة العمل",
    "talk":"لنتحدث",
    "touch":"يلمس",
    "travels":"رحلة سياحية",
    "technohead":"تكنو سيرف - شركة البسام للمعدات البترولية",
    "sofhead":"حقل النفط السعودي",
    "sofabc":"حقل النفط السعودي - شركة البسام للمعدات البترولية",
    "ghiabchead":" شركة الخليج للصناعات الثقيلة - شركة البسام للمعدات البترولية",
    "ghiabcdesc":"شركة الخليج للصناعات الثقيلة (GHI) شركة الخليج للصناعات الثقيلة (GHI) هي جزء من مجموعة شركات البسام ، والتي تعد واحدة من أوائل التكتلات الخاصة في المملكة العربية السعودية. تأسست شركة GHI المعروفة سابقًا باسم شركة الخليج الهندسية في عام 1984 كواحدة من أكبر الشركات المتخصصة في تصنيع الصلب الثقيل في منطقة الشرق الأوسط مع موقعين (02) للتصنيع في مدينة الجبيل الصناعية بالمملكة العربية السعودية يقع الأول بالقرب من حديد بمساحة إجمالية تبلغ 30.000 م 2 والثاني بمنطقة الهيئة الملكية بمساحة إجمالية قدرها 38.000 م 2",
    "issabchead":" خدمة الدعم الصناعي - شركة البسام للمعدات البترولية",
    
    "welcomeabc":"نحن مجموعة شركات البسام",

    "welcometext":"مرحبا بكم في مجموعة البسام",

    "herotext":"مرحبًا بكم في <br /> مجموعة البسام <br />",
    "letsgetstart":"هيا بنا نبدأ",
    "watchv":"شاهد الفيديو",
    "aboutdesc":"مجموعة البسام هي مجموعة شركات مشهورة لها مصالح صناعية وتجارية. بدأ تاريخها في التجارة في المعدات البترولية لشركة أرامكو السعودية في عام 1955. في وقت لاحق ، وسعت المجموعة عملياتها عبر قطاعات متنوعة بما في ذلك التجارة ، والخدمات البترولية ، و NDT والمختبر. الخدمات والتصنيع والمقاولات والسفر والسياحة ومعالجة المياه والعقارات بهدف إنشاء الصناعات والخدمات وتوليد القيمة لمساهمينا وتطوير التحالفات ونقل التقنيات وخلق فرص العمل.",
    "aboutmission":"المهمة: إنشاء الصناعات والخدمات ، وخلق القيمة لمساهمينا ، وتطوير التحالفات الاستراتيجية ، ونقل التكنولوجيا وخلق فرص العمل مع الحفاظ على التزامنا بالجودة والسلامة والمسؤولية الاجتماعية والحفاظ على البيئة.",
    "learnmore":"يتعلم أكثر",
    "freecall":"لا تتردد في الاتصال بنا",

    "experincetrust":"جرب الثقة",
    "exploreservices":"اكتشف خدماتنا",

    "mission":"مهمتنا",
    "missiondesc":" نحن ملتزمون بخدمة ودعم القطاعات الصناعية من خلال توفير أوسع نطاق ممكن من خدمات فحص الجودة الصناعية وخدمات الاختبار غير التدميري. نحن نعتمد على مجموعة من الموظفين المحترفين الذين لديهم دوافع ذاتية لأداء موظفي الخدمات هؤلاء الذين نعتقد أنهم أثمن أصولنا والذين نلتزم تمامًا بتحسينهم المستمر.",
    
    "vision":"رؤيتنا",
    "visiondesc":"تتمثل رؤيتنا في أن نكون أفضل مزود لحلول الفحص الذكي. سنحقق ذلك من خلال الاعتماد على تقنيات التكنولوجيا الفائقة الأكثر أمانًا ودقة وفعالية من حيث التكلفة. شعارنا هو العمل مع عملائنا لتحقيق التميز في الموثوقية الصناعية. المزيد من المعلومات قم بزيارة www.issksa.com.",

    "swtabchead":" السعودية لتقنية المياه (SWT) - شركة البسام للمعدات البترولية",
    "swtabcdesc":"شركة تكنولوجيا المياه السعودية (SWT) هي عضو في مجموعة شركات البسام وواحدة من الشركات الرائدة في تطبيقات معالجة المياه والصرف الصحي في المنطقة. نحن مورد رائد وموزع بيع كامل لمجموعة واسعة من أنظمة معالجة المياه ومكوناتها وقطع غيارها. تتراوح أنشطتنا من أنظمة معالجة المياه المثبتة على كتائف صغيرة إلى المصانع الكبيرة الحجم والمصممة حسب الطلب. تعاملت SWT مع الطبيعة الصعبة لمشاريع معالجة المياه باستخدام أحدث التقنيات. كانت جودة خدماتنا ومنتجاتنا غير المتميزة هي مفتاح النجاح والنمو",
    
    "objective":"موضوعي",
    "objectivedesc":"يتمثل الهدف الرئيسي لشركة SWT في توفير أنظمة معالجة المياه والصرف الصحي كاملة وفعالة جنبًا إلى جنب مع القدرات الهندسية الفائقة لضمان جودة منتجاتنا وخدماتنا. تستخدم تقنية المياه السعودية السرعة والدقة في عالم أنشطة معالجة المياه وتوفر حلولاً فعالة من حيث التكلفة تلبي احتياجات عملائنا.",
    "swtteam":"فريق SWT’S",
    "swtdesc2":"مفتاح نجاحنا هو فريق شاب مؤهل تأهيلا عاليا ومتعدد التخصصات. يوفر المهندسون والفنيون المدربون تدريباً عالياً وذوي الخبرة في SWT على غرار التطورات الحالية معيارًا فريدًا لقدرات SWT لمواجهة المشكلات في تطبيقات معالجة المياه. وبالتالي ، يقدم فريقنا ومرونة مجموعة المعدات تصميمًا حديثًا وجودة فائقة تؤسس القدرة التنافسية في عالم معالجة المياه. ",


    "trading":"تجارة",
    "tradingdesc":" <li>الأنابيب والغلاف - وصلات API / PREMIUM</li><li>خط الأنابيب - سلس</li><li>أنبوب الحفر</li>",

    "manufac":"تصنيع",
    "manufacdesc":"<li>خدمات إصلاح وتجديد صهاريج التخزين</li><li>خدمات إعادة الأنابيب والصيانة</li><li>أعمال الصيانة / الإصلاح للإغلاق.</li>",


    "its":"خدمات الفحص والاختبار",
    "itsdesc":" <li>اختبار التصوير الشعاعي</li> <li>اختبار بالموجات فوق الصوتية</li> <li>اختبار الاختراق</li>",

    "wt":"معالجة المياه",
    "wtdesc":" <li>أنظمة التناضح العكسي وعمليات الأغشية</li>  <li>أنظمة التبادل الأيوني</li> <li>معدات التوضيح</li>",
    
    "auto":"السيارات",
    "autodesc":" <li>أسطول يتم صيانته جيدًا يضم أكثر من 60 مقطورة تغطي مجموعة واسعة من جميع الطرق والشاحنات السعودية.</li> <li>كفاءة في توفير أعلى مستوى من الرضا للعملاء من خلال تسهيل خدماتنا السريعة والسريعة والمتمرسين في جميع المواقع لهم.</li>",

    "realestate":"العقارات",
    "realestatedesc":"<li>برج مختلط مكون من 50 طابق على طريق الشيخ زايد السريع في دبي</li><li>برج سكني مكون من 40 طابق في الشارقة</li><li>مجمع سكني من 7 طوابق في دبي</li>",
    


    "ftdesc":"مجموعة البسام هي مجموعة شركات مشهورة لها مصالح تجارية صناعية. بدأ تاريخها بالتجارة في المعدات البترولية لشركة أرامكو السعودية في عام 1955.",
    "ftctry":"المملكة العربية السعودية",

    "albcomp":"فيما يلي شركات مجموعة البسام",
    
    "apecottl":"شركـة صلاح ومساعد محمد البسـام للمعدات البترولية ",
    "apecodesc":"شركة البسام للمعدات البترولية هي شركة تابعة مملوكة بالكامل لمجموعة البسام ومقرها الرئيسي في الدمام. EST",
    "apecodesc2":"ابيكو - شركة البسام للمعدات البترولية شركة البسام للمعدات البترولية (ابيكو) هي شركة فرعية مملوكة بالكامل لمجموعة البسام ومقرها الرئيسي في الدمام. تأسست في عام 1955 ، البسام هي واحدة من الشركات الرائدة في المملكة العربية السعودية وفي دول الخليج الأخرى لديها مجموعة متنوعة من الأنشطة بما في ذلك التجارة والهندسة والمقاولات وهي مورد مسجل لمنتجات حيوية موثوقة. تصنف شركة البسام للمعدات البترولية (ابيكو) على أنها الأقدم بين مجموعة شركات البسام. منذ تأسيسها ، لوحظت بشكل ملحوظ باعتبارها الوحدة الأساسية للأنشطة التي تشكل التعاملات الإجمالية لمجموعة البسام لما يقرب من 50 عامًا من الإنجازات الناجحة. تقتصر أنشطة APECO بشكل أساسي على توريد وتركيب المعدات لصناعة النفط والغاز. يكشف استعراض موجز لتاريخ الشركة أنه إلى جانب معدات الحفر والإنتاج ، توفر الشركة أيضًا معدات في مجال الإنتاج والتكرير والنقل.",
    "techttle":"الخـــدمات الفنيــة للصناعــات ",
    "techdesc":"الخـــدمات الفنيــة للصناعــات  هي مجموعة صناعية ديناميكية رائدة في المملكة العربية السعودية ، تأسست عام 2002",
    "ghittle":"الخليـج للصناعات الثقيلة ",
    "ghidesc":"الخليـج للصناعات الثقيلة  هي جزء من مجموعة شركات البسام ، وهي واحدة من أولى الشركات الخاصة في المملكة العربية السعودية",
    "issttle":"شركة خدمــات المسـانده الصناعيــة ",
    "issdesc":"ISS هي شركة خدمات فحص متميزة ورائدة في المملكة وتستهدف تقديم مجموعة واسعة من عمليات التفتيش",
    "iatttle":"وكالة البسام العالمية للسيارات",
    "iatdesc":"شركة أميال الخليج هي شركة تابعة لمجموعة شركات البسام. إنها واحدة من الشركات اللوجستية المعروفة وذات السمعة الطيبة في",
    "swtttle":"شركــة تقنيــة الميـاه السعوديــة ",
    "swtdesc":"شركــة تقنيــة الميـاه السعوديــة هي عضو في مجموعة شركات البسام ومن الرواد في معالجة المياه والصرف الصحي",
    "trttle":"البسام للسفر والسياحة",
    "trdesc":"  بدأت شركة البسام للسفر والسياحة عملياتها في عام 1969 ، بصفتها عضوًا معتمدًا من اتحاد النقل الجوي الدولي (IATA) ، واليوم تم تصنيفها",

    "realttle":"العقارات",
    "realdesc":"البسام العقارية تعمل في استثمارات خاصة في المشاريع العقارية داخل وخارج المملكة العربية السعودية.",
    "byttle":"يخوت البسام",
    "bydesc":" تأسست شركة البسام لتأجير اليخوت والقوارب ذ.م.م في عام 2009 في دبي ، إحدى الشركات الرائدة في تأجير اليخوت.",
    "rhpttle":"الراية للشقق الفندقية",
    "rhpdesc":"الراية للشقق الفندقية هي شقة على طراز قياسي وتتمتع بموقع مركزي في قلب بر دبي ، وتبعد 10 دقائق فقط عن مطار دبي الدولي",

    "techabcdesc":"شركة تكنوسيرف السعودية المحدودة هي تكتل صناعي ديناميكي رائد في المملكة العربية السعودية ، تأسست في عام 2002 باسم شركة يوروتكنولوجي السعودية المحدودة. شركة الطاقة. يقع مركز حقول نفط تكنوسيرف في الدمام بالمملكة العربية السعودية على طريق الظهران السريع الرئيسي. تقع منشأتنا على مساحة 35000 متر مربع تقدم مجموعة كاملة من الخدمات لعملائنا بما في ذلك الفحص والإصلاح والتصنيع وإعادة الاعتماد. تم ترخيص منشأة ورشة الماكينات الخاصة بالشركة من قبل معهد البترول الأمريكي (API) لتصنيع معدات الحفر ، ومظلة API ، والدوران ، ورقبة اللحام ، والفلنجات المصاحبة الملولبة ، ومعدات التحكم في ضغط التوصيل ذات الحواف والمحور ، والمشابك ، والصلبان ذات الحواف والمرصعة ، المحملات ، البكرات والمحولات المزدوجة والمزيد. نحمل حاليًا تراخيص API 5CT و API 6A و API 16A و API 7-1 من API بالإضافة إلى كوننا مرفقًا معتمدًا مع اعتماد API Q1 و ISO 9001: 2008 و ISO / TS 29001. نحن نقدم كل ما سبق لأرامكو السعودية ولجميع شركات الحفر الكبرى في المملكة العربية السعودية ودول مجلس التعاون الخليجي. لدينا تراخيص إضافية من Grant Prideco لقطع اتصالات سلسلة XT الخاصة بهم ومن Voest Alpine لقطع اتصالات VAGT المميزة من 2-3 / 8 إلى 7 بوصة. كما نقوم بجميع عمليات الإصلاح وإعادة الاعتماد للصمامات ومشعبات الخنق.",
    "sofdesc":"يتبع هدفنا شركة رائدة في التصميم والهندسة والتصنيع الصناعي متخصصة في خدمات التعدين والنفط والغاز والهندسة. غرضنا يتبع التصميم والهندسة والصناعية الرائدة.",
    "issabcdesc":"ISS هي شركة خدمات فحص متميزة ورائدة في المملكة وتستهدف تقديم مجموعة واسعة من خدمات التفتيش وكذلك خدمات المختبرات بجودة عالية وبأسعار معقولة وفي الوقت المناسب. نحن ملتزمون بتحسين جودة خدماتنا من خلال التطوير المستمر. تقدم ISIS خدمات الاختبار منذ عام 1983. وتشمل قائمة عملائنا أرامكو السعودية ، وشيفرون السعودية ، وسيكو ، وسابك ، وساسرف ، ولوبريف على سبيل المثال لا الحصر ..",

    "clients":"عملائنا",
    "cl1":"تأسست الشركة السعودية للكهرباء كشركة مساهمة سعودية برأس مال مدفوع قدره 33،758،632،650 ريال سعودي",
    "cl2":"أرامكو السعودية ، شركة نفط وكيماويات عالمية متكاملة بالكامل ، هي شركة النفط المملوكة للدولة",
    "cl3":"ساسريف ، وقعت بيرتومين وشل في عام 1981 اتفاقية مشتركة لإنشاء مجمع مصفاة. بناء المرجع",
    "cl4":"ماهيندرا ، بدأنا تصنيع الجرارات في أوائل الستينيات للسوق الهندي. بعد ما يقرب من 50 عامًا,",
    "cl5":"تستخدم بترو رابيك 400 ألف برميل يوميًا من النفط الخام و 1.2 مليون طن سنويًا من الإيثان كأساسي",
    "cl6":"سابك هي الشركة السعودية للصناعات الأساسية ، ومقرها الرياض ، المملكة العربية السعودية.",
    "cl7":"تمثل شركة صدارة للكيميائيات تحالفًا فريدًا بين اثنين من الشركات الرائدة في كل منهما",
    "cl8":"Saipem هي شركة دولية كبيرة وواحدة من أفضل مقاولي تسليم المفتاح المتوازنين في صناعة النفط والغاز",








    "trs1":"الأنابيب والغلاف - وصلات API / PREMIUM",
    "trs2":"خط الأنابيب - سلس",
    "trs3":"أنبوب الحفر",
    "trs4":" الصمامات - البوابة ، الكرة الأرضية ، الفحص ، الكرة ، الفراشة",
    "trs5":" مقاييس قاع البئر - الضغط ودرجة الحرارة",
    "trs6":"البطاريات الصناعية",
    "trs7":"الشفاه / التركيبات",
    "trs8":"الدورات الصناعية",
    "trs9":"الحاقنات المضافة",
    "trs10":"محطات التناضح العكسي وقطع الغيار",
    "trs11":"محركات الديزل / مجموعات المولدات / المضخات",
    "trs12":"ضواغط",
    
    "s1":"تجهيز الموقع وتركيبه والإشراف عليه بالآليات المطلوبة من قبل موظفين مهرة لجميع أنواع أوعية الضغط والأعمدة والمفاعلات وخزانات التخزين وما إلى ذلك.",
    "s2":"خدمات إعادة الأنابيب والصيانة لجميع أنواع المبادلات الحرارية والغلايات.",
    "s3":"خدمات إصلاح وتجديد صهاريج التخزين بما في ذلك استبدال قاع الخزانات وما إلى ذلك.",
    "s4":"أعمال التصنيع / الإصلاح / الصيانة للإغلاق.",
    "s5":"درفلة الألواح ، ثني الأنبوب على شكل حرف U ، المقاطع وثني الأنابيب ، قص الحفر ، الثني والضغط على أعمال الفرامل.",
    "s6":"المعالجة الحرارية - في GHI يعمل باستخدام فرن بحجم: 8 م عرض × 8 م ارتفاع × 12 م. في الموقع باستخدام المعالجة الحرارية المحلية عن طريق التسخين الكهربائي.",
    "s7":" أكبر آلة درفلة في الشرق الأوسط يمكن درفلة الألواح حتى سمك 200 مم.",
    "s8":"وظائف الاغلاق والصيانة.",
    
    "is1":"اختبار التصوير الشعاعي.",
    "is2":"اختبار بالموجات فوق الصوتية",
    "is3":"اختبار الاختراق",
    "is4":"اختبار العطلة",
    "is5":"كشف التسريب",
    "is6":"خدمات التفتيش",
    "is7":"خدمات فحص خطوط الأنابيب",
    "is8":"فحص قاع الخزان / الأرضية",
    "is9":"الأنابيب NDT",
    "is10":"عملية أخذ العينات واسعة النطاق",

    "wt1":"أنظمة التناضح العكسي وعمليات الأغشية",
    "wt2":"أنظمة التبادل الأيوني",
    "wt3":"معدات التوضيح",
    "wt4":"الأشعة فوق البنفسجية والأوزون",
    "wt5":"المضخات وأنظمة الجرعات",
    "wt6":"أنظمة معالجة مياه الصرف الصحي",
    "wt7":"عقود الصيانة طويلة الأمد",
    "wt8":"جداول الصيانة الوقائية المتكررة",
    "wt9":"دراسات جدوى",
    "wt10":"  سيطرة مخبرية كاملة على جودة المياه ومياه الصرف الصحي NDT",

    "at1":" أسطول يتم صيانته جيدًا يضم أكثر من 60 مقطورة تغطي مجموعة واسعة من جميع الطرق والشاحنات السعودية.",
    "at2":" كفاءة في توفير أعلى مستوى من الرضا للعملاء من خلال تسهيل خدماتنا السريعة والسريعة والمتمرسين في جميع المواقع لهم.",
    "at3":"يتمتع جميع سائقينا بالخبرة الجيدة والطبيعة الودودة والتواضع والمطيعين والمألوفين لاستخدام أحدث آلات النقل وأدوات الورش.",
    "at4":" لدى Gulf Miles موظفوها المحترفون وذوو الخبرة في جميع المجالات المطلوبة لأنظمة الأدوات وورش الإصلاح.",
    "at5":" لدينا خدمات متنقلة على مدار الساعة طوال أيام الأسبوع لتسهيل عملائنا المحترمين من أجل تنسيق أفضل وإنجاز المهام المعينة بشكل مشترك في الوقت المناسب.",

    "rl1":" برج مختلط مكون من 50 طابق على طريق الشيخ زايد السريع في دبي",
    "rl2":"برج سكني مكون من 40 طابق في الشارقة",
    "rl3":"15 برج ستوري الذي سيكون المقر الرئيسي لمجموعة البسام في الدمام",
    "rl4":" مجمع سكني من 7 طوابق في دبي",
    "rl5":"مجمع فلل فخم في الامارات",

   
    "tr1":" تنظيم الجولات على الصعيدين المحلي والدولي",
    "tr2":"جولات جماعية فردية وشاملة",
    "tr3":"تأجير الفنادق والفيلات والشقق في جميع أنحاء العالم",
    "tr4":"اختيار حجوزات وجهة الرحلات البحرية",
    "tr5":"تأجير السيارات في جميع أنحاء العالم",
    "tr6":"تذاكر ديزني وورلد",

    "tech1":"موصلات متقاطعة",
    "tech2":"موصلات متقاطعة",
    "tech3":"المحملات والصلبان",
    "tech4":"بكرات المحول والمباعد",
    "tech5":"موصلات ذات حواف",
    "tech6":"موصلات الخيط",
    "tech7":"موصلات نهاية أخرى",
    "tech8":"الشفاه المصاحبة",
    "tech9":"الشفاه ذات الرقبة الملحومة",
    "tech10":"وصلات المحور",
    "tech11":"  بكرات الحفر",
    "tech12":"معدات المنوع",
    "tech13":"محولات مزدوجة رصع",
  
  
    "sof1":"أدوات سلكية",
    "sof2":"أدوات أنابيب لفائف",
    "sof3":"أدوات التحكم في التدفق في قاع البئر",
    "sof4":"معدات التحكم في الضغط (PCE)",
    "sof5":"وحدات التحكم Exwell ووحدات الاختبار",
    
    "sofs1":"علم المواد",
    "sofs2":"البحث الكيميائي",
    "sofs3":"أفضل مهندس",
    "sofs4":"القوة والطاقة",
    
    "ape1":"كفاءات متنوعة",
    "ape2":"شركة الزيت العربية السعودية (أرامكو السعودية)",
    "ape3":"الشركة السعودية للكهرباء (SEC)",
    "ape4":" الشركة السعودية للصناعات الأساسية (سابك)",
    "ape5":"مؤسسة حكومية وشبه حكومية",
    "ape6":"Slukoil / سينوب",
    "ape7":"كوورلي / بتروكون",
    "ape8":"فلورلوموس",
    "ape9":"المصافي",
    "ape10":"شركات البتروكيماويات",

    "apep1":"الأنابيب والغلاف - وصلات API / PREMIUM",
    "apep2":"خط الأنابيب - سلس",
    "apep3":"أنبوب الحفر",
    "apep4":"الصمامات - البوابة ، الكرة الأرضية ، الفحص ، الكرة ، الفراشة",
    "apep5":"مقاييس قاع البئر - الضغط ودرجة الحرارة",
    "apep6":"البطاريات الصناعية",
    "apep7":"الشفاه / التركيبات",
    "apep8":"الدورات الصناعية",
    "apep9":"الحاقنات المضافة",
    "apep10":"محطات التناضح العكسي وقطع الغيار",
    "apep11":"محركات الديزل / مجموعات المولدات / المضخات",
    "apep12":"ضواغط",
    
    "ghireg":"GHI لديه التسجيل التالي",
    "reg1":"بترخيص من وزارة الصناعة رقم 312 / س",
    "reg2":"مسجلة بوزارة التجارة تحت سجل تجاري رقم 2050014532",
    "reg3":"مسجلة بغرفة التجارة والصناعة برقم 3219/2",

    "s1-1":"فحص الخزان / الطابق السفلي",
    "s1desc-1":" مسح قاع الأرضية باستخدام طريقة الاختبار الكهرومغناطيسي منخفض التردد (LFET) - باستخدام أداة Falcon 2000 من TesTex Inc.",
    "s1desc-2":" USABEETLE -UT قياس سماكة جدران الخزان بدون سقالات",
    "s1desc-3":"كشف تسرب الصندوق الفراغي",

    "s2-1":"اختبار التصوير الشعاعي",
    "s2desc-1":"التصوير الشعاعي بالأشعة السينية / أشعة جاما",
    "s2desc-2":"التصوير الشعاعي لوصلة اللحام ، لقطات الملف الشخصي لرصد التآكل ، أوعية ضغط كود ASME ، الأنابيب وفقًا لـ API 1104 ، ASME B31.3 / 31.1 ، خطوط الأنابيب ، التصوير الإشعاعي للخزانات إلخ.",
    "s2desc-3":"التصوير الشعاعي بدون فيلم",

    "s3-1":"اختبار بالموجات فوق الصوتية",
    "s3desc-1":"قياس السماكة باستخدام مقياس السماكة ، ومقياس السماكة مع المسح ",
    "s3desc-2":" درجة حرارة عالية. UT / قياس السماكة",
    "s3desc-3":"مسح UT للتآكل",

    "s4-1":"الخدمات الأخرى ذات الصلة",
    "s4desc-1":" خدمات المعادن - عن طريق معهد اللحام ، المملكة المتحدة",
    "s4desc-2":"تدريب وشهادة على الاختبارات غير التدميرية وفحص اللحام وتفسير الفيلم الإشعاعي.",
    "s4desc-3":"المساعدة البرمجية لسلامة المصنع الميكانيكي - من خلال TWI U.K.",

    "swt-1":"أنظمة التناضح العكسي وعمليات الأغشية",
    "swt-2":"أنظمة التناضح العكسي للمياه المالحة والمياه المالحة",
    "swt-3":"الترشيح النانوي",
    "swt-4":"الترشيح الفائق",
    "swt-5":"الترشيح الدقيق",
    "swt-6":"أنظمة التبادل الأيوني",
    "swt-7":"وحدات التبادل الأيوني الكاتيوني والأنيوني",
    "swt-8":"أسرة مختلطة",
    "swt-9":"ملينات دورة الصوديوم",
    "swt-10":"الملمع",
    "swt-11":"معدات التوضيح",
    "swt-12":"معدات الترشيح والمعالجة المسبقة",
    "swt-13":"ترشيح الضغط",
    "swt-14":"الوسائط المتعددة ، الكربون النشط ، إزالة الحديد",
    "swt-15":"الأشعة فوق البنفسجية والأوزون",
    "swt-16":"المعالجة بالكلور والتطهير",
    "swt-17":"أنظمة المضخات والجرعات أنظمة معالجة مياه الصرف الصحي",
    "swt-18":"كيماويات معالجة المياه المتخصصة والسلع",
    
    "swts1":"عقود الصيانة طويلة الأمد",
    "swts2":"جداول الصيانة الوقائية المتكررة",
    "swts3":"دراسات جدوى",
    "swts4":"تصميم العملية والهندسة",
    "swts5":"تركيب وتشغيل المشاريع",
    "swts6":"تحكم معملي كامل في جودة المياه ومياه الصرف"
}
